\set VERBOSITY terse
-- null should throw an error.
select tally_category(1, null, 1);
ERROR:  null value in column "item_category_value" violates not-null constraint
-- Support empty strings?
select tally_category(1, '', 1);
ERROR:  null value in column "item_category_value" violates not-null constraint
select tally_category(1, ' ', 1);
ERROR:  null value in column "item_category_value" violates not-null constraint
-- Bad account id
select tally_category(1000000, 'Cheese', 1);
ERROR:  insert or update on table "account_item_category" violates foreign key constraint "account_item_category_account_id_fkey"
-- Bad category id
select tally_category(1, 'Cheese', 1000000);
ERROR:  insert or update on table "item_category" violates foreign key constraint "item_category_category_id_fkey"
-- Insert new records
select tally_category(1, 'Cheese', 1);
 tally_category 
----------------
 
(1 row)

select tally_category(1, 'Soup', 1);
 tally_category 
----------------
 
(1 row)

select tally_category(1, 'Cheese', 2);
 tally_category 
----------------
 
(1 row)

-- Update existing records
select tally_category(1, 'Cheese', 1);
 tally_category 
----------------
 
(1 row)

-- Different account
select tally_category(3, 'Cheese', 2);
 tally_category 
----------------
 
(1 row)

select tally_category(3, 'Cheese', 2);
 tally_category 
----------------
 
(1 row)

select account_id, category_id, account_item_category_value, account_item_category_count
from account_item_category
order by account_id, category_id, account_item_category_value, account_item_category_count;
 account_id | category_id | account_item_category_value | account_item_category_count 
------------+-------------+-----------------------------+-----------------------------
          1 |           1 | cheese                      |                           2
          1 |           1 | soup                        |                           1
          1 |           2 | cheese                      |                           1
          1 |           9 | horseradish                 |                           0
          1 |          17 | dogfood                     |                           0
          1 |          20 | nonexistentitem             |                           0
          3 |           2 | cheese                      |                           2
(7 rows)

select category_id, item_category_value, item_category_count
from item_category
where item_category_value in ('cheese', 'soup')
order by category_id, item_category_value, item_category_count;
 category_id | item_category_value | item_category_count 
-------------+---------------------+---------------------
           1 | cheese              |                   2
           1 | soup                |                   1
           2 | cheese              |                   3
           7 | soup                |                  10
          10 | cheese              |                  10
(5 rows)

